Sample,HI15,HI15,Lc5,Lc5,Lc26,Lc26,M11,M11,SGPv10,SGPv10,TBPv2,TBPv2,Pv11,Pv11,BG,BG
Pv14-01,123,129,162,164,313,313,147,149,129,131,246,248,0,0,299,305
Pv14-02,121,123,164,166,315,317,149,151,131,133,242,252,154,156,293,299
Pv14-03,119,121,0,0,307,315,145,147,131,133,252,254,160,162,283,305
Pv14-04,121,123,164,166,307,319,147,149,131,133,248,250,164,166,289,293
Pv14-05,129,131,164,164,307,315,145,149,131,133,0,0,158,160,0,0
Pv14-07,119,121,164,166,307,319,147,149,131,133,246,256,160,162,305,310
Pv14-08,121,123,164,164,307,307,149,151,131,133,240,248,160,162,293,299
Pv14-09,127,129,164,164,307,307,147,149,131,133,252,254,160,162,0,0
Pv14-10,121,123,166,166,307,317,149,151,131,133,248,250,154,156,284,299
Pv14-12,121,123,164,166,307,319,147,149,131,131,254,256,160,162,305,310
Pv14-13,119,121,164,164,307,317,147,149,131,133,244,252,158,160,299,310
Pv14-16,121,121,164,166,323,323,147,149,131,133,244,254,160,162,293,305
Pv14-17,125,125,164,166,307,317,147,151,131,133,244,252,166,168,283,299
Pv14-18,121,123,164,166,307,317,147,151,131,133,250,252,158,160,305,310
Pv14-19,119,121,0,0,307,315,147,149,133,133,244,254,160,162,293,305
Pv14-22,0,0,164,166,305,319,147,151,131,131,244,246,158,160,299,305
Pv14-23,121,123,0,0,315,327,145,147,131,131,238,240,160,162,305,310
Pv14-24,123,131,166,166,317,317,149,151,131,131,248,250,158,160,0,0
Pv14-25,129,131,164,166,307,307,0,0,131,133,0,0,158,160,299,305
Pv14-27,123,131,0,0,307,317,149,149,131,131,0,0,160,162,299,305
Pv14-28,123,125,166,168,317,321,147,149,131,131,0,0,160,162,299,310
Pv14-30,123,131,164,166,319,319,0,0,131,131,248,250,158,160,299,305
Pv14-31,123,131,166,168,307,315,145,151,131,131,244,250,160,162,299,310
Pv14-33,123,131,166,166,307,315,145,151,131,131,242,244,160,162,299,310
Pv14-34,123,123,0,0,321,321,147,149,133,133,0,0,158,160,305,310
Pv14-35,123,133,164,168,317,319,149,151,131,131,0,0,158,160,283,299
Pv14-38,125,125,0,0,323,323,147,149,129,131,248,250,158,160,299,305
Pv14-39,123,131,168,168,317,317,0,0,131,131,248,250,160,162,283,289
Pv14-43,123,133,168,168,317,321,147,149,131,131,234,250,160,162,299,310
Pv14-44,121,123,166,168,307,319,147,149,133,133,252,254,154,160,299,305
Pv14-45,123,131,0,0,317,317,147,149,131,131,248,250,160,166,289,293
Pv14-46,131,139,160,164,317,319,147,149,133,133,248,250,160,162,283,299
